{
	"description": "项目配置文件。",
	"setting": {
		"urlCheck": false,
		"es6": true,
		"postcss": true,
		"minified": true,
		"newFeature": true
	},
	"compileType": "miniprogram",
	"libVersion": "1.6.6",
	"appid": "wxd3cadf8ee6aed896",
	"projectname": "BathNews-wxapp",
	"condition": {
		"search": {
			"current": -1,
			"list": []
		},
		"conversation": {
			"current": -1,
			"list": []
		},
		"miniprogram": {
			"current": 0,
			"list": [
				{
					"id": -1,
					"name": "带 shareTicket 的转发",
					"pathName": "pages/index/index",
					"scene": "1044",
					"shareInfo": {
						"groupName": "测试模拟群0",
						"shareName": "Racq_hwct328P3pgX_emh_5eC0XdM3ZD4vSlGTtoyeg@cr4dev",
						"shareKey": "Wb5ytCefjml0acz0yNzaCjQGXu3_DaxXU_cu5jpWvNYwk8C-Xu1Panwgtllnxy_FbAiFLIOrfOYw0XNzKI-1PQ~~"
					}
				}
			]
		}
	}
}